id,price1
2242,465.565
20532,300.875
10648,519.981
20677,1405.264
12593,466.174
11159,469.548
10680,1141.214
6433,2008.886
2794,236.201
11579,1081.785
13859,255.19
12260,511.13
18254,424.52
19453,550.294
8121,999.627
9791,568.37
7402,1894.519
3205,274.15
14489,357.606
10607,730.076
3659,495.355
7625,513.377
12862,3217.611
13985,477.427
10206,510.979
6889,2548.148
17791,744.414
8920,2148.248
15762,481.73
9762,354.278
15247,693.118
14490,242.914
3545,303.478
4122,521.122
9075,486.47
17580,556.332
15546,627.315
16679,384.862
7800,552.638
10314,288.803
20247,552.94
10068,1131.261
971,419.6
3832,439.493
6052,2112.848
12718,4076.076
11469,376.786
10655,552.518
5933,456.952
7000,336.095
18084,495.355
20918,2341.285
16193,842.876
6116,1890.621
7581,377.463
2214,455.684
19489,537.022
2592,1406.149
14541,1406.149
5584,507.045
20002,626.425
341,2374.257
10363,829.571
12292,383.677
19769,381.221
4521,130.536
8402,179.562
8485,436.342
7561,393.7
9885,283.799
2582,551.433
8209,237.029
13611,567.15
13591,260.651
9676,368.256
13851,583.372
16691,517.324
17785,567.652
18685,451.905
3369,750.882
16066,753.725
3003,749.351
18981,249.297
13554,610.227
11588,440.472
16379,2891.42
12575,502.435
9249,255.187
15449,305.367
20597,556.245
12342,1222.285
9065,482.994
17968,468.48
17803,938.477
13495,470.738
11078,1491.069
19475,698.22
19860,312.513
805,494.365
1,817.297
13151,547.609
4133,773.201
446,622.964
18830,1175.722
7909,481.112
13969,999.002
6901,2225.297
3961,2826.024
10150,1064.538
4490,622.489
5897,268.214
20844,520.894
19011,794.296
18577,527.215
3555,606.78
15716,562.362
20324,500.959
18654,1857.049
8184,333.587
4349,241.409
13737,253.229
10749,552.546
19921,560.55
15467,721.043
10725,336.569
18354,536.67
153,441.665
8961,660.399
501,540.291
18332,223.904
4068,716.3
13206,506.853
15926,596.622
20705,512.081
15433,554.083
16477,567.833
15608,547.517
4957,223.239
9095,396.852
12618,533.064
17259,223.18
6906,383.636
20713,300.24
15305,584.681
5370,496.527
20079,555.416
5574,336.744
8049,97.178
3493,2355.866
7390,582.221
12996,546.028
150,408.905
7941,507.68
16993,471.464
18502,568.931
1046,361.166
17121,379.862
15629,940.634
18932,553.949
8131,486.744
6926,427.957
11131,512.148
10941,364.625
12030,359.521
17959,480.395
14464,439.894
18288,322.543
17404,739.01
930,2121.57
10001,421.972
7044,2690.36
17375,381.242
13231,445.781
3147,999.657
4856,524.986
14757,696.409
14918,577.315
10947,192.855
17853,443.432
6359,775.561
14331,495.035
6111,268.698
20276,2743.96
10660,1506.956
4222,554.083
20592,567.493
1023,1982.863
14844,376.57
11145,592.912
12578,517.023
8668,255.663
18474,574.119
9807,342.854
15911,1015.885
3721,792.506
19353,683.443
17362,544.127
11120,516.799
18867,347.033
17178,328.967
6879,367.045
4802,410.087
15451,223.808
15857,437.52
3179,735.944
7258,441.812
6247,704.546
14378,903.228
9308,1094.942
8879,364.743
9484,514.663
7676,605.959
14419,755.347
19097,238.379
168,1337.243
4427,233.479
12771,637.946
17299,436.423
5118,536.42
12040,587.655
13747,662.552
18751,483.821
5227,436.857
12100,821.114
17604,451.775
1218,376.371
18775,281.056
10853,246.45
3168,334.548
14636,242.914
7927,304.83
17035,683.583
8762,420.512
2152,471.527
17152,281.266
9824,317.838
8142,3388.714
15932,785.377
1141,441.812
17330,2789.145
19889,410.216
4915,751.318
693,555.256
14449,417.737
1975,562.286
4055,563.767
13336,495.808
15678,589.207
8491,568.067
15115,343.537
14146,547.026
19296,414.259
13281,335.011
20363,421.931
13879,307.953
7859,303.646
18819,472.237
3538,381.232
13185,318.903
10595,480.563
857,669.25
7654,551.829
12429,502.512
18200,536.507
9710,522.321
12240,772.688
2939,354.271
120,402.999
11548,941.95
5261,1283.095
5598,536.223
7679,878.382
1820,532.17
3259,483.731
623,338.065
10503,532.656
9267,552.592
16624,1025.77
20850,495.328
9821,563.801
4693,514.721
14824,684.854
14096,495.355
6149,593.708
6373,547.403
12989,495.323
5547,567.174
5420,2891.931
2058,739.041
20958,567.612
13945,954.4
6245,517.143
15624,230.757
13317,268.492
1802,462.208
18216,394.743
17276,503.511
10247,481.609
9532,1623.881
1568,684.388
13427,613.375
12689,313.769
9955,842.859
8860,637.097
9425,565.02
19772,1179.988
5233,1017.681
12556,693.152
11977,266.58
17523,684.945
4760,855.352
17714,448.965
12022,243.4
9905,2590.693
205,560.063
11438,304.658
13352,587.696
17203,426.8
650,400.782
11186,2751.168
6485,486.546
17370,3670.418
19084,533.836
6484,707.47
5341,310.615
8138,770.231
8708,391.577
6397,603.245
12836,535.926
12251,340.525
17860,205.791
2181,502.011
19757,585.34
143,316.865
13111,602.751
7723,797.663
13060,426.708
7508,547.448
12366,391.313
10779,726.308
11653,489.062
13751,471.625
15564,527.345
11454,10.206
10572,735.988
5140,396.762
1523,378.489
20160,999.657
9103,433.429
14595,2125.752
9727,567.88
7265,559.915
15253,517.165
15590,877.997
9682,334.056
15271,475.603
18032,529.017
14029,519.263
8552,519.865
15074,517.035
11288,192.01
20607,1659.051
1184,511.935
1651,440.926
7177,474.918
1834,248.695
17391,2473.881
9564,440.937
17589,466.679
2022,516.811
1552,567.15
7158,553.949
7311,288.064
20026,441.228
16405,1713.689
17235,456.43
15558,639.472
8468,549.602
7424,567.434
7307,2074.258
18602,798.999
7421,310.338
2801,362.262
6154,251.042
3296,426.473
8568,694.743
9285,232.285
16978,517.801
17817,1677.803
7127,1160.091
6890,327.457
3057,276.204
10994,381.225
10840,552.546
14037,954.697
9685,508.969
14404,455.425
9165,383.677
6006,252.28
5819,280.389
8709,263.654
18154,512.77
808,457.647
9059,502.48
15285,442.061
2081,2762.19
17823,366.018
15500,1202.917
1068,637.3
9008,546.482
4204,587.258
6919,1307.722
12720,799.95
15904,471.794
5606,318.339
8893,566.988
12084,267.829
7485,369.253
11935,525.104
17576,314.324
10746,579.716
426,655.609
364,3123.888
12415,441.997
5546,466.698
12801,780.509
4203,2314.204
12857,328.333
3163,205.933
20485,1597.108
10786,300.921
20165,810.929
8038,249.687
7474,319.767
16133,1989.776
12048,567.277
911,277.73
14767,531.757
19044,414.833
12538,636.888
11676,581.178
154,254.05
4829,1728.901
2485,720.2
15721,253.006
16235,1049.833
8337,969.088
15320,704.919
6963,450.242
5470,375.545
1262,486.447
4487,464.042
4409,268.838
4027,1005.806
2,245.161
17707,754.786
10810,551.261
381,444.573
3743,391.438
6388,522.261
13531,547.448
9761,552.539
11540,501.843
10024,486.685
19053,563.324
20654,529.017
17347,248.576
7237,295.768
18971,488.027
17000,295.977
19585,541.672
14974,891.387
13045,486.188
11866,1450.01
16764,145.696
8099,659.339
10714,856.62
7537,292.347
1828,452.372
8170,622.699
7499,501.405
18825,735.97
13661,268.188
9501,519.263
1706,582.213
2739,595.307
17997,494.755
487,475.729
7782,551.551
2373,1642.476
17478,437.769
615,683.458
3741,267.665
14957,416.114
430,493.454
2007,303.255
17652,456.752
18160,323.173
8735,577.983
18121,856.62
4125,2810.913
6897,336.15
16646,377.882
13731,569.362
4524,562.066
14108,1017.681
17782,502.051
7382,594.287
11839,551.942
15281,232.186
14840,1052.869
17682,510.367
9898,442.759
18766,550.569
13555,760.79
3798,302.203
9207,476.37
10862,537.799
10624,548.063
10905,352.931
19255,517.186
18233,568.802
4872,362.665
9626,324.991
13113,537.053
18793,480.141
15019,516.937
7970,189.68
6346,1080.907
3287,567.861
9179,652.605
5523,1406.808
3676,471.27
5772,533.759
18087,476.877
8476,500.96
3375,769.873
14759,541.67
13247,651.927
20691,324.83
17700,262.985
4998,442.407
8528,503.44
2700,501.399
14012,498.586
7375,527.656
12102,575.613
7804,751.95
13608,1092.215
11052,530.497
13933,533.188
9043,251.86
14417,554.083
13488,1061.583
13607,545.088
950,1475.146
20644,1692.197
6002,2617.424
18246,1208.53
10561,316.03
7439,247.8
20636,314.066
11782,815.27
8554,1616.317
6651,586.393
11948,502.469
17885,332.364
20649,1907.336
20433,175.873
14405,551.865
1959,695.526
17026,2346.097
10442,337.927
12912,506.84
18348,236.972
17934,2720.799
8428,213.084
6200,471.947
10687,578.398
16547,801.14
5778,279.953
18683,2008.886
19052,1894.995
18688,566.967
18266,705.034
4292,777.862
719,559.172
18846,2345.212
12644,487
17614,551.458
20756,683.243
1408,446.657
19075,507.585
11681,545.531
10488,558.183
17223,713.472
10992,536.488
19379,1695.093
10896,296.967
18871,246.338
2815,407.01
18307,496.839
19536,290.089
12667,3262.64
16623,450.059
1628,552.557
17431,582.416
7934,387.732
12817,408.135
5156,753.477
6588,470.738
14847,683.276
1775,728.237
19167,855.609
2929,523.334
9609,319.937
16711,1350.528
20594,740.726
8202,1711.879
4507,352.686
1944,567.959
18003,532.697
14287,3714.394
2224,296.193
6178,462.221
6267,1011.94
10508,672.874
8089,455.916
3450,391.683
14507,563.904
18783,278.153
15726,683.434
20260,528.448
10638,538.097
10414,471.398
19375,572.569
1902,584.272
13834,759.995
11807,2008.886
741,449.127
10497,565.393
12241,1874.963
4714,531.781
8258,1758.718
13588,1148.298
17446,377.855
732,831.122
3326,1769.915
12012,284.545
5688,338.755
13342,413.331
6583,460.337
4774,761.804
6026,208.122
7111,531.953
15353,465.153
18425,532.726
2368,376.245
10979,446.678
7717,578.823
1576,313.236
7154,583.654
15871,511.612
18659,486.455
3162,455.415
5694,518.072
11042,471.479
7370,296.997
5218,561.793
7190,553.953
9020,2831.45
19313,480.563
5550,583.12
4359,534.422
17103,416.387
4795,1748.004
8197,303.342
2953,450.372
10716,1918.127
3746,508.672
14973,442.621
20578,959.422
1564,1305.242
5424,761.024
12116,439.277
20085,354.015
3762,102.636
2406,224.955
19657,384.279
7855,295.283
16586,517.135
9799,515.709
11444,186.29
11800,517.005
3107,866.456
20285,1253.903
9080,508.479
6635,749.011
17395,311.067
12184,815.876
17100,283.624
16148,1039.908
7903,515.01
12608,1210.939
666,479.695
18100,568.719
14717,334.03
13324,536.732
14189,342.749
3461,1713.734
19775,1402.572
4075,328.301
19111,537.095
7551,371.681
20848,297.721
9140,539.401
6740,577.631
15578,390.859
14791,295.271
16497,675.035
13686,1004.363
20762,426.568
2364,328.45
12545,508.773
10225,994.046
13221,236.193
14812,266.55
16530,448.65
315,373.123
6953,350.768
4723,1033.399
17802,658.764
11484,4146.417
1874,280.943
4649,237.901
18207,497.203
4386,531.017
6434,569.012
3069,535.985
15930,570.704
14733,421.789
3883,487.51
9445,555.927
2352,587.255
9247,688.978
15399,284.072
18039,581.751
15398,603.965
15033,402.147
4934,570.003
3224,492.388
18343,2320.72
10785,596.033
12486,2352.095
17587,448.16
11340,275.214
9742,536.416
5505,449.139
20423,222.101
15009,518.026
8734,520.692
2263,487.425
136,724.339
12916,548.534
3873,464.49
11464,462.387
4512,495.808
6069,406.264
18268,529.766
14624,634.614
10060,317.741
17500,582.796
1898,202.608
448,348.192
18279,501.783
11814,466.399
5878,344.338
20559,771.887
95,636.786
11020,525.385
20380,544.478
3868,1770.509
8365,810.952
17476,440.676
11208,533.311
3037,312.358
8940,467.15
2491,495.527
2404,809.739
20204,368.416
11037,1968.967
3814,2463.054
6838,1539.84
4456,230.747
4646,505.362
15179,1320.223
18208,238.887
10478,527.345
17102,2196.117
20097,401.31
18990,713.393
18569,864.577
11445,275.565
20948,519.438
16346,642.729
12943,516.438
18835,491.818
1589,538.267
13127,544.297
11731,452.12
937,1338.729
7788,2370.818
8664,222.513
8067,383.636
1779,602.756
9520,466.832
6943,802.339
13212,569.959
8456,2490.508
14297,246.178
9677,542.265
19908,4000.333
11764,474.388
13543,466.457
15722,563.479
1989,276.62
11105,361.34
13906,569.338
20739,244.911
8778,1325.256
6720,618.565
15000,218.875
2021,1786.935
14950,1481.031
16974,236.666
9174,550.586
10376,396.414
16875,374.927
20791,612.647
1495,589.085
14807,359.037
17196,650.647
3126,327.356
224,220.236
4431,421.968
17635,221.094
10562,411.697
18993,919.886
16661,551.656
8248,264.581
13296,508.157
14649,1323.56
5229,2543.846
870,424.1
8417,426.165
18408,452.07
10985,497.737
14380,1379.059
1533,803.617
17366,3218.197
4062,877.949
11915,587.655
12151,637.3
10307,506.116
15813,570.956
2557,485.327
10761,1438.221
11718,466.207
16459,234.365
15032,1602.616
5471,471.27
19998,1907.02
18633,207.681
16221,440.898
9290,626.404
10743,547.517
5266,1904.442
14926,318.953
13230,476.166
15913,205.791
9147,556.183
9818,513.821
14995,1470.613
6422,253.204
15945,3248.322
17358,178.045
6020,540.869
9120,684.877
13362,1231.194
7543,819.572
13076,3533.559
10332,568.966
1861,218.297
14118,552.165
12920,486.527
17466,335.242
13515,460.032
8717,1273.237
20453,481.112
3021,283.668
16358,480.02
601,500.672
5659,370.094
3214,536.915
14901,221.934
5559,520.848
4572,537.695
2866,279.953
16079,658.764
4661,577.344
5125,97.178
2762,576.875
6515,299.439
12736,562.671
10483,795.617
15443,295.977
13449,730.55
2577,537.886
18251,283.767
5512,1451.077
18184,571.924
17022,366.279
7408,2791.253
11195,455.864
7798,426.782
14413,1062.829
18543,483.799
8973,830.301
14726,327.271
13668,490.537
15631,290.118
1417,2297.631
14360,520.243
15657,517.023
11428,1846.653
12915,485.609
10781,420.62
16938,520.637
14497,2345.405
10410,1072.073
8210,589.14
16391,220.629
10635,416.926
11984,443.98
11768,709.88
10128,814.244
5248,283.196
17386,485.595
9322,1143.708
4372,417.003
1203,467.078
17749,260.41
14161,535.89
1584,562.777
5954,638.806
12217,269.728
3531,393.255
16022,1496.526
9920,-142.781
7151,664.593
15096,310.444
10731,524.562
1671,476.976
7975,380.44
3374,265.134
20089,1470.613
15046,297.931
8375,1873.452
18434,969.544
12944,1025.966
18201,530.495
14654,569.362
8846,430.346
19426,546.455
3002,467.674
16898,433.706
12381,485.613
5403,295.928
10636,565.099
17657,503.6
5906,644.842
20124,519.791
5467,333.912
15521,489.315
69,559.545
20890,2791.352
10868,510.394
583,475.703
10035,577.291
11101,693.152
428,593.21
5356,552.548
3399,415.841
4782,563.011
17495,343.605
10586,487.51
10653,553.282
16097,1245.114
16841,560.866
4995,967.822
642,314.876
4535,486.903
19798,256.94
13801,808.888
17177,289.44
10682,807.742
20807,249.293
9953,235.009
6830,330.988
6626,280.943
14393,572.491
11830,1871.556
8703,347.043
1541,421.948
15169,366.346
9246,454.407
11356,509.759
17931,475.476
4071,381.15
15967,938.865
14434,1397.69
18395,495.068
12054,372.58
7978,471.947
3998,377.651
844,350.98
9917,449.302
789,1436.875
4380,292.562
17154,532.624
12305,774.609
10217,582.899
15029,522.627
18588,252.134
15108,669.817
4398,722.12
20298,586.538
8637,827.583
7803,494.322
2234,728.188
18852,910.721
4917,613.379
17300,509.446
6672,260.651
4035,537.136
906,1208.021
10733,1390.373
18020,757.895
9656,811.498
16982,579.923
16418,507.054
7305,634.614
14375,1047.939
19926,1918.3
1192,560.483
4373,591.262
20095,630.695
17288,1218.435
19227,453.467
12811,448.733
11345,1037.44
8577,545.007
13321,1484.632
9861,339.194
738,603.938
11672,2003.783
19516,472.181
12511,457.16
7145,438.408
17837,448.268
17209,1586.619
1657,232.186
3384,325.291
11526,664.593
16394,547.239
18417,536.416
20418,1877.997
5176,1165.709
555,471.72
10989,203.644
14880,537.179
1800,1267.886
17094,1680.336
5013,495.355
9176,554.686
16519,1366.857
12873,386.908
9013,2133.54
13103,269.144
6344,577.021
20034,455.907
5940,267.384
19000,2298.956
17586,591.643
8862,459.035
1050,457.101
8823,182.314
15413,253.755
3096,243.961
9433,2309.868
12871,553.183
12540,1037.44
2963,858.488
11967,552.272
4236,395.595
17353,207.896
5905,208.347
13596,536.674
394,1216.414
16802,219.012
10281,902.169
8413,441.932
8791,456.555
6727,389.983
20572,1892.626
18357,552.539
509,139.729
7945,553.147
4242,165.078
13666,568.871
10176,401.789
922,695.234
20814,1247.975
20273,1626.696
17133,545.355
15485,540.641
8300,1649.297
4796,258.953
807,1725.049
14138,858.278
14198,253.551
11049,490.315
12603,756.029
20417,744.414
9312,494.542
5492,811.109
6511,288.878
8071,2969.264
16034,1393.957
13357,238.588
7088,668.272
7694,607.462
1986,295.271
17129,622.519
8119,538.77
17122,470.787
11802,517.277
3059,501.685
13192,569.338
7120,310.726
10165,364.806
6401,271.215
4969,917.985
329,364.088
6273,2469.405
20767,313.074
3090,762.469
14579,328.021
18980,349.618
12323,258.013
18810,704.178
17398,460.706
5834,560.192
16580,902.026
13150,495.808
17130,339.082
343,464.328
15363,2831.45
31,524.012
10693,389.13
16963,456.636
15850,1354.207
10133,785.618
6309,740.894
8527,593.722
19152,379.616
17648,542.655
10526,376.538
20386,1466.316
10110,413.222
17442,497.579
20870,395.184
11243,180.994
4366,568.981
10037,2298.956
1388,384.511
5963,601.679
7414,450.221
6308,568.448
16837,585.093
19290,391.605
3582,427.513
2556,276.241
13510,670.585
5893,1220.688
13487,352.931
15973,518.587
6692,547.448
13844,361.679
15616,502.565
12198,395.927
6159,547.707
19871,487.004
2725,507.369
16158,785.613
470,1582.057
2702,531.594
15632,516.937
12542,854.872
10437,602.744
4611,560.619
16822,451.271
19294,253.409
11324,462.055
6970,583.541
10175,384.765
14822,741.445
1833,1980.414
9640,320.742
9476,376.629
2194,10.206
5673,521.875
17385,682.847
641,1940.632
9098,476.292
13575,366.781
20579,696.836
6887,502.177
18403,511.841
17460,538.771
12092,1895.044
7170,480.141
13416,780.583
14954,266.352
316,832.614
5764,304.239
10121,533.759
14026,537.749
6659,756.03
3665,589.543
13956,547.644
20288,383.677
674,475.763
20179,329.322
13764,756.03
19311,411.721
10319,267.276
9049,531.892
2061,531.968
20293,281.78
8646,569.341
11538,404.43
2809,342.221
8722,426.816
17445,255.042
10457,547.526
921,555.444
20788,1149.637
6698,1459.317
14538,487.294
20712,280.801
12747,257.998
535,1503.082
15592,391.956
2878,258.145
15334,587.632
6360,1042.702
6942,638.228
5301,505.735
5848,470.979
4721,1628.758
1610,237.242
1015,943.351
11581,376.612
20931,331.342
13558,443.147
2329,284.478
5917,344.289
5877,897.369
19994,295.271
13527,436.185
17744,551.01
12659,425.224
13916,485.613
7539,1405.584
13249,513.986
12711,354.428
1755,1810.864
11128,937.303
12205,352.923
8705,435.99
2232,537.799
18611,192.01
17789,485.123
2494,406.691
5151,300.917
14246,1311.699
12316,785.597
2347,483.524
8964,785.526
16951,361.046
6391,770.231
1359,550.268
19461,288.38
13326,916.637
12248,267.315
14094,291.236
3151,1240.834
11402,512.197
20093,288.885
18520,1120.491
14642,1898.831
4462,505.266
4143,456.032
20601,842.284
1531,280.663
16052,531.941
20359,689.046
7880,486.871
10554,465.326
19335,237.426
6225,376.535
13233,279.26
7790,625.561
13070,379.153
13865,344.369
12704,248.564
9487,667.602
13049,1989.776
7415,553.631
17230,377.882
14134,486.797
6522,253.17
7171,425.252
16012,511.756
6163,615.244
14193,554.688
8238,714.162
17513,528.336
4468,552.363
20810,172.328
14407,704.942
18848,2073.809
18010,568.009
17017,523.991
10423,474.943
17901,841.274
8046,396.543
10436,597.863
12247,499.768
5658,460.123
18698,192.006
18171,377.284
18433,436.841
12237,466.678
17101,298.072
10309,195.957
12283,597.395
14077,1257.527
4958,551.87
3207,288.352
4289,227.234
17571,459.935
4783,658.754
859,700.996
17578,2952.008
3176,597.563
2889,1146.14
231,343.958
449,1513.825
7937,247.8
6197,532.294
15612,252.008
181,580.039
18562,584.278
3243,1235.39
14858,255.201
5267,452.261
5892,248.446
16868,388.759
12888,216.122
1189,1078.111
1854,725.457
6039,539.939
3647,719.124
3729,536.414
17340,553.049
5258,476.309
5648,459.164
16339,334.218
10728,1266.746
990,579.175
5894,918.876
11311,203.773
3572,470.887
18586,568.871
1979,988.721
2796,301.352
17787,57.513
11983,422.164
14355,2469.405
1724,517.068
18601,584.278
17813,175.549
8867,512.176
617,345.075
13701,501.472
7604,467.268
18555,538.181
11804,471.685
16121,1823.439
16007,858.278
7920,273.35
13730,637.097
19654,967.418
14797,551.87
15719,480.311
19944,313.608
4882,1511.203
15333,552.964
10199,568.142
16636,583.262
20938,532.894
15396,140.114
16217,551.297
19827,1232.595
1749,454.31
16980,295.191
15838,362.945
12449,467.15
19260,285.19
13755,441.193
14593,297.25
6870,255.201
19738,460.032
5394,547.981
3544,592.375
8795,392.711
16954,954.863
5232,376.516
14513,1653.001
5209,395.065
11779,695.933
1265,694.743
12759,567.637
4880,496.445
17124,562.587
20270,252.391
2435,1465.889
363,537.471
18298,2630.057
18924,411.578
14274,567.164
20771,471.803
1481,260.413
12917,417.003
4389,257.882
17283,529.68
5305,2125.752
5217,506.187
20779,456.464
9618,722.888
10588,407.975
2056,500.194
1090,405.089
13982,436.495
13831,354.79
17844,923.408
4791,491.405
10515,334.501
8072,512.445
12568,667.602
12566,451.593
4873,304.662
19331,1121.636
6548,2826.146
6045,1447.287
8647,389.774
2639,326.193
11180,486.599
18589,2891.292
17294,288.721
15972,623.02
352,462.367
8830,165.079
8874,392.14
1437,1670.996
11810,452.141
10661,501.092
6113,649.18
15446,451.008
4263,545.774
16570,431.427
4231,567.305
6281,435.813
16250,253.762
5365,372.085
54,180.673
12749,220.629
586,432.856
6315,597.359
10280,626.428
12388,452.075
638,357.822
3482,388.178
3252,354.79
6718,238.453
12353,536.297
2116,381.639
7219,564.504
12639,245.87
18642,2280.124
10841,495.808
13081,558.391
13302,516.972
16466,462.534
9580,527.572
8437,325.01
6131,738.351
2714,1435.791
4551,471.729
8185,1334.728
5101,562.424
15070,1878.48
5092,370.491
145,443.293
7029,426.608
582,548.495
8713,480.574
12809,221.807
13886,487.885
20385,323.645
11432,570.136
14455,555.22
14651,381.47
10529,143.604
9090,134.916
4748,612.31
11749,669.799
5020,316.184
20024,537.469
18722,390.859
4241,391.105
28,971.098
6554,471.803
3806,468.502
4215,205.791
6366,642.729
13333,566.489
14925,481.133
16549,530.497
14293,113.925
13830,462.221
17328,278.829
3240,552.225
5418,487.885
2732,1421.598
18677,276.491
3853,273.167
12993,258.507
9883,361.408
7837,381.172
10209,1511.203
14523,414.605
954,356.718
7529,460.116
17651,555.744
19572,340.665
11354,884.001
9743,486.667
987,307.86
20551,2460.567
16348,203.177
11079,706.796
11025,816.372
12062,476.227
13123,578.957
14494,381.225
3830,565.385
5653,552.396
20027,642.783
10559,551.612
14838,2735.436
2297,521.656
16677,2922.079
14425,143.604
12232,302.101
9369,312.001
5993,261.264
4322,465.608
8553,1051.544
20144,465.153
17176,817.647
16897,450.372
19312,299.236
12393,564.145
704,595.919
15569,502.772
16157,1174.558
3990,291.037
12239,3400.848
20480,783.93
16495,296.193
15855,547.103
11959,734.808
7349,459.035
4840,502.469
3412,552.567
4582,567.15
19425,748.905
6555,581.679
9739,272.074
18236,582.461
17082,517.354
768,583.874
2331,532.825
19512,1095.708
9613,548.585
17510,698.403
11738,461.39
6503,378.149
10692,2341.292
777,564.328
10600,223.522
9171,549.101
14484,678.365
4169,550.198
11319,276.397
912,762.443
6641,658.764
5737,739.886
10296,537.074
15950,239.958
16582,651.732
8135,214.943
5712,315.754
12982,551.01
5486,2343.971
11784,1889.001
12671,648.827
5159,547.907
9347,456.787
843,1926.9
12480,569
5368,341.058
11624,1240.846
73,632.562
12202,236.193
17417,510.569
16194,2094.206
7232,582.998
12882,293.645
10689,334.131
15160,562.136
9823,547.211
568,472.734
16630,483.821
18618,714.162
3933,587.655
9951,524.562
10003,751.227
2515,1922.582
645,526.906
10262,478.766
10599,428.178
13808,328.139
528,511.108
6680,502.12
17991,2328.383
17568,479.265
16145,442.426
16825,518.587
18143,552.354
14966,493.823
19746,1403.991
15344,294.583
3568,576.402
11008,914.51
19528,312.513
4152,468.923
14873,287.219
9450,423.53
15982,1642.476
10966,831.232
9340,566.688
19113,172.328
1019,465.192
15133,1967.756
8689,529.605
5166,529.153
9669,522.021
15994,506.116
17890,795.269
13052,486.598
8148,212.786
679,793.301
20511,836.69
5419,548.844
19783,2142.091
8977,1385.665
5242,289.385
11958,205.933
7015,265.16
9453,242.22
13381,497.574
17541,255.208
1422,2372.895
227,557.354
16880,402.764
1723,308.48
2587,595.301
19509,300.312
3217,135.241
3089,341.828
822,572.545
8458,567.065
17410,297.479
12441,281.868
7407,1709.455
6239,1918.404
17936,113.285
6407,553.909
20675,487.936
13267,536.416
16660,357.243
17257,451.979
14568,407.379
232,423.739
4252,358.431
2947,815.27
3920,445.468
12913,536.747
5291,518.457
7759,1006.495
5243,236.293
8772,1051.99
2025,253.6
10767,2547.299
9155,262.922
8186,245.87
4017,486.598
3180,2788.149
3753,1340.714
16063,511.787
17192,627.315
3927,218.875
11201,464.645
1438,584.278
11419,520.952
14572,846.878
12936,2548.191
15303,567.647
18243,451.921
6400,482.52
19602,517.035
6556,2490.832
15447,754.79
19707,412.986
19276,453.581
15342,426.429
15953,602.748
18033,1019.488
20025,1433.983
16699,739.041
4039,436.841
18042,505.36
17591,475.476
13636,547.064
18167,583.71
1350,284.053
6976,263.563
13436,483.174
1731,550.583
18469,551.948
3645,1148.628
661,831.542
18358,1805.342
19220,277.434
1784,584.278
19153,2265.179
5452,2778.856
15496,349.144
7325,704.863
5633,2343.833
6896,542.27
11291,313.074
5235,829.361
5085,255.201
12037,248.379
12945,683.212
2790,582.456
13106,461.628
17111,582.213
3351,295.87
15061,491.625
3738,618.674
20877,1802.892
3422,2455.773
18765,487.355
18222,420.445
18615,531.459
11113,216.105
9257,546.919
2893,252.124
602,579.639
17193,1370.578
5656,255.187
18118,471.947
13440,424.938
6289,392.57
13530,1459.317
244,259.289
4000,293.827
19246,389.774
22,404.832
19677,559.117
2477,476.871
15089,255.511
14978,131.895
7595,381.47
6034,524.716
20243,768.493
19527,529.041
249,817.359
5319,533.32
14492,473.538
1613,785.377
6614,815.079
7958,3054.816
18913,562.305
14528,552.128
20086,567.452
5212,451.97
8306,497.313
11363,868.92
17388,779.027
9952,445.781
7747,667.097
19700,213.084
503,405.852
16647,420.445
16467,606.077
20172,471.353
17380,596.622
6023,182.314
16849,381.221
15677,293.645
8426,457.116
7866,531.327
17452,224.385
19929,1029.647
8543,589.789
20307,552.94
12837,944.337
9778,563.285
8313,533.311
4030,537.621
17244,2125.71
12976,333.454
7983,2228.718
1133,1377.786
14899,252.254
16015,749.45
3863,466.863
2466,739.284
6005,240.322
10758,478.427
3934,396.684
1997,567.474
4663,547.145
5980,582.421
16295,515.393
17926,441.919
1831,244.295
6935,893.211
12164,504.394
2671,858.28
20840,313.769
6600,2977.171
10832,567.434
2990,453.023
4984,457.519
11670,1017.681
16218,502.708
11487,987.298
9306,2809.165
8789,986.244
14353,1454.784
15764,561.406
6053,1208.764
215,910.624
6055,2323.81
19886,384.42
4769,263.719
9067,566.268
18808,490.715
722,444.897
15940,939.415
11707,548.259
12783,474.943
16583,771.868
14586,280.285
19758,552.221
15769,395.603
4600,621.475
9150,502.286
2860,491.686
19197,589.085
11261,483.955
7497,489.986
11688,471.27
208,486.556
18260,664.593
8582,567.056
19882,510.769
12061,436.841
137,360.896
17565,425.224
4147,651.923
3250,208.03
740,615.794
2505,268.77
13389,548.259
2147,577.813
10568,391.315
18671,463.199
17051,513.823
12302,751.178
2960,551.948
11555,471.752
15045,1335.606
1553,354.26
2187,1142.869
16526,1370.515
6774,237.616
6495,409.963
14596,567.531
13466,802.806
112,802.004
16813,1073.378
5680,1775.375
7300,519.341
15846,340.649
17125,452.003
20639,236.368
13407,110.525
6236,497.195
7615,510.238
3407,511.47
10170,1406.572
20297,424.406
20164,227.945
19733,248.95
6443,486.548
15740,563.767
5416,784.101
10084,821.496
15260,617.849
9653,425.771
12406,476.482
9113,500.276
3942,907.884
8097,192.974
14919,468.058
4570,521.988
10518,442.407
1940,1471.318
3921,445.468
6690,537.525
2948,642.729
20378,733.072
6764,430.967
4109,1353.943
9014,525.529
956,283.79
3507,506.457
15873,391.543
13744,516.96
14872,516.496
10444,1815.429
14794,521.597
6051,274.184
5214,3239.754
20782,477.478
4937,471.947
8345,191.828
17754,523.158
14517,537.635
4722,501.685
9116,147.636
11825,465.054
19403,535.832
18726,811.256
3307,2110.607
7428,368.534
6220,306.856
13044,513.175
3264,377.588
13182,497.298
5253,208.029
20819,728.192
19661,238.588
15641,611.612
17916,426.782
19802,481.963
15345,461.736
12267,531.78
6586,446.807
3509,973.672
13178,276.397
8581,236.184
10338,1225.178
19157,670.116
17342,255.666
13117,266.929
746,-602.989
46,380.095
9516,730.058
2240,587.265
13131,411.748
20331,471.916
18432,431.851
15331,1907.336
16671,597.272
4424,479.534
5610,2517.367
3092,603.245
12929,344.117
4164,406.88
5137,305.062
3348,487.929
8792,510.367
683,595.089
10814,349.419
216,331.585
17116,267.506
1204,479.806
10126,-37.319
17232,534.533
5815,532.259
6019,2095.814
99,417.144
1294,279.489
15111,551.299
5250,464.179
19241,208.125
13248,645.006
9327,648.76
3111,370.828
1796,2110.681
17099,376.401
12930,312.204
2248,299.707
2353,536.759
1887,477.221
8237,788.648
20642,451.271
4161,486.765
2498,1795.272
5484,2561.122
19853,385.426
4041,3013.939
17344,490.59
19231,798.867
19467,352.793
5516,489.99
13289,547.103
9141,333.957
2611,304.311
2183,623.016
6160,471.776
11275,536.423
8391,441.544
9674,328.436
6312,718.639
20498,322.86
12052,962.25
1514,442.588
19613,536.662
5771,286.626
10651,532.422
7017,380.069
19718,523.72
13168,2736.462
4171,602.784
19939,261.61
12835,470.887
4816,2004.337
19388,1613.672
13006,474.763
18489,978.093
18136,1072.678
7486,266.355
1546,460.716
13702,301.105
498,488.736
3302,576.255
14581,807.416
14763,500.252
19076,1613.727
17107,532.649
8898,561.937
10033,824.313
11615,1223.68
15488,259.816
11359,624.751
1618,377.284
5646,567.447
3228,442.721
16996,624.37
2578,316.695
12777,367.476
1746,520.556
7550,486.604
16545,471.822
12420,296.71
10053,265.187
17427,516.658
8462,255.953
1534,475.506
3354,366.062
9972,348.885
1247,501.008
18453,529.608
8319,551.332
8901,552.221
14614,420.887
13927,451.484
14920,1536.909
4480,1029.647
2743,498.586
9111,400.238
8900,503.784
6445,450.472
9717,971.495
7955,328.383
5456,801.504
6731,312.17
20450,294.332
875,268.811
5055,1755.796
8393,502.452
8508,2491.851
13925,420.505
19826,322.226
11840,596.622
18609,251.639
16738,353.323
1079,969.73
12476,1214.46
10710,603.965
11730,481.666
12604,770.615
11109,416.929
9477,612.835
5608,274.163
16912,387.988
11945,481.775
15566,658.127
7532,2720.503
6831,587.655
18149,253.104
84,212.816
17145,464.087
8513,436.465
1067,547.448
17302,467.067
15420,366.389
7785,3986.441
1814,281.78
14712,156.084
6707,354.428
20250,427.129
11303,567.276
19223,263.173
10413,642.727
10753,537.799
8622,272.572
4182,561.073
6550,521.921
13386,472.166
20942,256.174
810,483.792
12146,554.005
17679,439.361
8590,416.121
7716,218.932
20336,253.589
12456,818.297
11757,487.921
6076,511.97
4990,388.196
2503,386.888
7700,1218.435
15369,1415.847
12707,1902.035
11071,520.463
8431,252.963
20858,1897.826
4351,257.188
11701,834.466
10454,342.854
17535,461.81
13490,1962.394
488,839.758
8610,471.045
12201,511.787
8537,597.99
5640,699.412
17262,536.851
16326,401.685
17199,140.611
3671,895.789
11987,539.473
10613,544.293
2949,252.077
1512,547.441
15896,903.864
5384,449.644
2067,287.954
9785,486.869
19057,545.007
13412,499.304
4585,486.946
9872,263.589
2273,471.956
20099,785.746
13224,253.409
5935,935.54
2033,592.897
913,832.596
15388,563.285
14322,327.356
14769,1804.786
75,481.372
4494,482.096
9611,531.387
19449,580.92
3048,536.978
10970,188.325
19879,522.451
11813,491.66
9829,567.329
9282,279.153
15090,770.378
16509,279.216
18979,2203.755
19553,1763.454
1061,680.431
10367,110.52
8758,2253.659
522,463.226
2686,352.572
6760,683.429
2195,503.318
14396,636.832
7406,856.152
2666,585.831
14159,478.897
12529,253.229
2010,560.253
3793,1233.809
16270,708.938
10620,938.734
9848,422.449
20150,396.448
12907,1293.024
17794,462.602
4331,2691.492
9210,757.835
19135,465.755
17319,547.404
2682,537.174
10141,739.012
19281,266.925
1836,-37.319
15536,491.497
6777,431.594
19150,527.369
9563,334.441
1809,488.775
12261,498.377
9213,280.207
3009,338.539
2867,1034.285
50,1797.598
2728,221.807
3452,401.789
1777,311.786
12754,638.702
4181,602.784
18206,567.164
17227,569.321
7204,1084.013
8001,252.165
678,2145.827
5677,288.515
1200,295.271
7956,567.561
8538,439.291
10087,881.636
8004,519.254
7445,495.808
2288,415.261
14516,451.357
12755,772.347
11082,551.919
2481,273.343
14510,486.153
20240,486.604
19868,393.206
13424,511.687
20764,474.889
11415,895.129
4982,521.784
5593,381.225
20783,335.087
19232,467.155
6721,775.561
19503,785.611
9001,272.2
9217,218.297
3760,460.337
8945,443.432
7086,434.934
8954,521.386
4785,500.642
1517,452.114
3100,769.477
13473,627.487
5826,1293.024
11368,533.76
1971,501.576
1884,748.617
14673,203.038
1119,566.99
17721,537.179
6210,633.38
6847,450.189
11123,455.544
6409,503.902
9054,457.799
16101,251.77
14288,363.483
11741,679.326
4100,739.01
19013,247.561
1878,674.51
3496,316.047
5801,626.425
4279,492.994
18680,1234.6
14742,748.211
6276,492.337
13345,364.426
12264,1017.681
9266,584.272
13897,565.232
15487,311.24
16831,684.854
978,527.423
11976,662.122
19176,456.804
17220,658.127
4481,233.423
4317,584.855
9881,553.101
12668,552.539
13498,470.738
2236,505.748
18155,586.755
18792,584.272
16960,552.711
8967,344.293
14611,748.57
11254,297.059
11500,587.655
14376,874.939
10116,1390.6
5639,858.848
15454,405.882
17967,633.15
11244,531.039
19541,300.921
6442,718.639
20295,525.104
3350,713.393
3799,442.407
18074,2125.598
6466,483.174
16324,1805.594
16054,348.595
7601,223.094
10152,4527.429
12063,212.078
12243,514.297
15080,491.405
18479,535.381
2520,768.493
15585,597.989
1642,282.046
20374,479.923
10580,1937.631
811,1808.776
13638,575.897
16410,449.112
14341,481.609
3193,482.869
6506,1358.586
8029,654.411
8955,632.798
20504,873.091
17084,2048.526
16649,2134.24
15772,501.863
11702,532.068
2729,910.358
17946,435.46
12078,293.908
4950,293.84
11644,255.042
7313,420.269
10026,1062.559
17160,182.344
15214,319.314
13341,489.88
9557,751.227
6908,400.265
8691,457.021
3684,562.738
9981,532.872
7655,569.616
7980,140.355
8626,236.195
10450,1565.854
15576,3194.405
18989,550.971
9697,748.052
3327,562.088
15231,110.525
4798,854.5
8450,535.133
15687,376.514
2100,713.633
5239,785.713
3398,552.181
10134,271.894
14263,352.976
12829,486.622
2381,2315.063
17093,491.685
10987,523.94
15892,290.511
4834,984.9
1928,512.536
18141,555.927
15093,551.552
8643,568.009
12453,581.537
13330,553.953
4048,1878.48
16720,568.142
18341,1857.1
9363,495.808
7459,411.443
865,397.898
4921,263.163
18803,738.185
8283,384.732
11393,488.209
15723,480.336
7018,471.776
20411,507.236
18490,550.202
17003,237.354
13698,564.145
15255,506.117
2907,377.903
11778,508.862
1577,306.856
13074,1123.552
14883,489.99
6222,318.554
13128,518.467
2434,302.032
85,480.953
12193,212.457
12417,465.164
8304,579.307
18877,372.919
1579,366.5
1623,1698.139
7500,456.396
12335,971.495
867,296.189
16759,989.284
10453,310.448
14969,495.338
55,302.39
8305,692.699
12594,2775.141
17429,454.641
7282,479.421
4,376.996
9318,3593.797
1970,366.267
12770,788.966
20697,507.585
19811,626.925
10115,1891.389
8230,221.807
2064,446.678
4234,2283.672
10903,517.919
13255,2110.543
1696,456.439
18443,537.165
15636,294.787
15436,895.257
2806,2561.122
1544,1163.582
1071,238.405
17066,480.223
5760,503.44
12957,452.639
18103,630.24
2573,597.481
276,472.906
8718,389.982
1235,568.199
1206,308.989
8855,525.104
5446,388.063
6937,532.559
5849,2547.299
9060,503.902
14591,587.655
4417,484.169
4135,223.186
2959,1903.105
17783,1323.56
18242,562.617
8595,221.928
19797,1888.401
32,1441.439
15869,490.394
15471,547.583
11353,512.54
15720,1841.178
7172,455.859
1212,506.147
18317,2977.833
6481,125.74
6437,341.587
16909,453.581
5921,847.495
17198,571.856
7960,527.488
4370,361.666
6147,457.058
5978,532.703
6403,293.356
16766,486.765
3511,887.349
11222,829.573
18514,497.735
18655,313.123
6257,3218.197
19983,567.88
12207,465.326
8564,466.399
5713,1922.748
17293,555.545
9736,769.869
16401,182.103
17974,306.213
19274,296.426
3742,481.657
14265,1149.637
10895,546.873
11161,547.068
10570,564.671
2165,506.853
11418,295.105
11485,523.94
15525,275.565
4142,535.048
872,4007.531
15963,297.931
9078,381.15
13715,319.335
17962,333.195
12210,517.035
3906,726.022
12171,426.537
10385,466.174
7473,366.279
11325,321.609
1236,3172.275
4288,486.868
3299,552.324
20741,613.294
1366,552.175
13979,527.467
16959,532.422
407,617.248
16667,1873.561
3405,895.129
942,200.771
19330,374.287
6765,860.698
4627,249.687
11516,787.705
10245,370.364
18883,522.475
7693,402.962
12274,1260.24
16426,2432.245
2392,1010.694
8332,495.355
3648,532.422
7614,347.022
15310,333.983
7731,440.988
12255,670.18
11553,513.823
9426,658.754
3364,187.949
16341,1454.447
11994,742.747
1211,550.613
19586,552.633
5230,553.399
16932,511.347
3426,740.726
19068,548.618
20309,502.232
15921,322.606
5934,1420.318
16931,456.94
7197,579.923
10081,486.578
15625,1405.797
17799,3163.94
4064,212.686
3495,230.747
3984,461.936
4530,1289.055
6531,547.127
7736,650.964
14959,327.237
10151,497.266
11423,405.059
14204,354.387
18574,2753.202
10055,577.907
7169,519.892
3456,344.411
132,1018.171
14661,261.264
10474,273.343
18873,848.933
12287,537.98
16342,331.503
3913,467.5
6377,441.205
14857,594.95
16593,1304.872
18772,312.284
19268,361.475
2118,258.145
16470,2125.71
4832,301.352
20174,365.576
13963,546.467
10275,399
12653,389.774
10132,192.859
14223,1531.916
13163,592.787
3425,249.978
12748,503.889
10646,278.217
78,401.024
6319,562.263
10683,667.602
2387,1962.959
16068,1905.238
14828,422.126
3556,463.199
19764,1242.651
6238,1030.483
7006,316.726
9019,404.159
2080,506.599
2027,389.13
2558,251.01
16894,453.35
15277,486.685
734,520.362
18062,553.002
2647,505.676
3486,483.528
13238,571.514
14561,569.688
11238,436.909
12284,421.753
10173,365.504
2589,521.485
603,2442.577
16141,327.346
15251,984.883
13038,456.061
4701,587.655
10409,537.077
17522,808.31
18511,468.48
6701,452.261
7976,1130.981
1532,1770.354
11679,328.45
8906,844.415
5115,452.261
6714,850.275
926,677.345
12892,384.42
9882,246.178
2680,612.643
17369,1171.956
14987,552.272
17378,557.565
6065,622.967
8420,455.268
9837,764.071
1987,547.211
8921,531.757
17873,551.865
6064,552.539
9960,501.399
5678,514.74
20775,1850.776
11212,481.41
16787,267.241
16752,536.289
12779,466.399
3735,502.748
16479,510.569
197,458.451
179,398.577
5402,395.603
15264,532.076
9859,147.636
7627,456.283
15141,532.413
14720,298.271
13239,472.959
10838,437.065
7100,465.164
4342,700.388
12290,2592.63
16336,368.658
13379,368.348
7392,1312.569
3049,312.472
1896,520.057
12495,651.732
2314,653.172
4877,532.303
15669,583.016
5571,436.888
5206,350.335
10046,567.159
18599,326.567
16873,312.352
6661,455.684
13047,437.222
17964,482.928
3173,553.278
1327,551.898
20088,436.863
2969,536.295
4493,1875.895
6825,486.964
11233,552.377
6793,551.55
9083,552.571
468,412.618
5121,415.43
1726,427.317
12595,1973.328
17935,567.648
5430,272.96
7683,221.227
5730,532.259
20888,482.346
20352,654.649
8397,1713.747
19256,290.329
9440,1319.339
6964,2125.615
17426,424.957
12674,644.203
8958,300.875
8151,539.626
633,2655.788
11357,413.359
2511,573.782
18658,1044.521
4046,907.06
11414,272.712
8187,490.023
15236,570.136
18220,882.41
18804,2283.789
2824,1572.542
13689,237.39
12810,337.687
15197,1481.396
11379,467.23
5983,524.829
7630,208.648
7585,598.06
3855,231.92
20132,718.157
6633,393.174
3836,473.848
11748,536.416
18097,486.869
2023,948.467
10510,2314.692
7981,465.128
5569,552.735
3273,510.34
14693,532.079
3178,531.813
8278,617.849
94,567.625
13811,471.627
8926,559.517
20212,381.134
16955,381.361
9938,473.436
9902,705.078
5362,1234.6
2822,487.664
5296,470.659
2478,466.861
7367,469.346
20886,2080.642
9046,563.491
3897,250.669
18967,252.165
2202,922.996
16811,3014.191
11474,317.416
18478,983.973
13981,735.934
1358,788.966
15007,599.442
7437,260.422
13374,476.973
4977,387.665
17599,1590.184
8344,480.311
13789,1078.015
10164,441.579
16791,551.948
5785,473.485
5622,280.799
7504,162.641
14011,1170.543
15408,612.927
13284,516.757
11204,489.271
19418,567.298
1410,582.223
10401,474.617
10750,536.946
13001,393.7
2518,299.707
10816,293.757
13650,1887.858
5461,368.354
8399,486.551
20229,669.799
15228,467.263
2655,340.78
20425,700.906
8698,368.969
3211,1383.889
2231,530.448
15639,823.685
2612,536.96
3421,535.412
16934,415.511
4454,552.477
1392,399.127
2988,764.84
10008,223.051
4974,670.585
15379,344.152
10107,3509.434
13745,340.23
8070,1887.785
2780,268.79
5568,520.519
3778,700.141
3817,542.746
12471,263.787
6865,955.756
1558,536.372
4375,510.826
20707,709.488
15492,280.562
12189,1317.345
4473,2125.615
5969,369.473
6898,550.613
12364,567.146
5615,567.784
4623,527.799
6756,493.719
4418,546.028
2184,2006.423
9208,551.87
7010,597.641
15477,486.701
10734,891.396
16493,280.681
7454,562.719
7816,2983.716
17458,547.707
5627,375.413
2030,431.73
1656,1889.001
10885,248.014
1160,487.885
19741,527.463
1490,750.384
1768,333.544
10344,470.901
14354,700.788
20517,527.432
2793,223.01
12033,584.69
1286,248.466
15861,597.8
17734,538.177
10282,248.924
14369,715.013
3834,584.278
11493,554.602
14365,549.002
1281,562.461
6786,554.617
387,-8.601
18573,362.266
8042,551.942
7039,4135.917
1215,529.153
5479,1125.324
12270,456.158
17305,524.185
12225,898.694
19456,2606.04
9551,230.176
18013,212.306
1004,241.34
1081,377.933
5889,268.482
18811,561.835
17996,3509.434
17856,435.229
3261,753.298
5345,756.03
4043,518.834
10353,1309.494
18273,1670.996
12522,252.047
10480,342.823
3078,393.066
16536,597.44
17684,537.734
17558,477.983
15254,559.69
20208,349.598
2941,352.563
17047,1218.13
6249,382.645
16707,416.214
7358,304.001
5909,1137.835
5612,227.398
7957,551.948
6328,971.723
3192,436.45
9261,451.555
8530,268.188
14102,376.321
7016,1167.234
11253,222.726
13807,377.253
580,633.528
14548,421.918
325,395.927
17871,205.791
20657,317.057
3293,485.613
11245,678.365
18663,347.988
4944,797.972
3895,436.841
20633,602.771
471,502.833
5549,551.865
8271,482.38
19895,318.724
7669,568.471
14785,487.936
8861,1442.427
19445,221.807
13862,822.735
19629,533.836
9226,547.448
10481,297.346
8141,525.271
19252,586.322
2499,471.947
11881,465.606
8155,575.99
1522,253.589
15261,467.078
17886,318.658
10935,986.244
15230,384.482
16164,648.76
18099,402.962
16619,303.255
19694,859.837
5290,554.083
14700,1899.136
10698,567.057
17908,530.448
15908,350.521
10193,549.201
9911,1511.787
1208,778.969
16818,2343.723
9707,438.934
20930,1249.053
1767,639.758
52,920.325
3562,147.636
14695,496.26
7666,441.205
12635,537.852
3341,223.186
10844,421.857
17089,2891.931
10775,296.862
19427,2629.034
18585,2361.16
13400,302.552
16860,307.566
17469,602.756
11262,374.29
14236,567.146
3276,296.965
16588,281.804
20221,567.784
20552,502.488
4294,495.808
6471,527.467
9185,259.641
4803,1901.439
4233,546.022
4003,486.47
16498,456.875
16650,383.636
16202,670.18
10261,366.755
16366,273.561
13084,532.846
13568,234.034
11969,3669.185
18582,472.088
14275,251.993
10617,865.531
20529,311.579
20304,2213.269
14941,667.568
6613,584.278
8221,502.469
13344,342.221
11503,592.368
14310,346.602
12874,221.807
1185,361.866
2749,1489.456
2652,326.483
13717,521.22
12891,443.147
14391,536.42
10269,542.134
20541,963.948
13258,291.177
19112,414.413
6713,2762.884
20051,460.45
10452,742.696
3837,506.335
2606,506.305
1085,436.535
10426,369.544
20314,848.345
1680,2791.253
9178,360.459
18974,125.737
8787,312.179
10360,533.759
10372,722.12
11338,1690.065
16252,667.518
17180,236.768
627,470.409
1766,586.068
10584,1329.523
14402,574.18
2440,567.255
5925,381.173
3680,222.399
1614,582.628
20469,456.96
10567,618.674
4403,698.199
16350,232.398
2035,530.997
11290,3172.275
4192,485.091
5738,2045.047
4167,224.774
9771,2344.45
11347,427.828
17389,770.546
14192,446.197
2122,551.297
11612,7132.33
17598,942.994
19912,1084.199
11531,550.586
14112,862.365
19778,562.52
15423,505.678
18523,495.808
4139,554.083
9280,208.682
10300,337.282
19054,3600.395
3294,904.026
10690,534.894
2024,888.61
1082,451.465
14278,425.932
11859,297.346
9480,1993.814
13446,690.068
5093,346.952
20452,482.58
19310,567.863
993,429.063
7852,427.265
12814,158.391
6358,553.278
6643,572.821
2460,347.02
7210,548.488
19072,1614.083
12926,293.203
15587,267.344
20619,333.35
18377,283.422
11028,1135.162
13901,1087.605
17503,781.522
16262,516.908
3854,565.232
13863,522.319
3263,436.658
1870,838.928
15703,1410.485
16681,465.58
13263,610.851
12064,486.419
499,417.103
10111,426.01
14292,254.313
15893,222.808
14741,1854.845
3419,363.542
15084,1903.841
17511,1624.851
11451,396.595
18789,447.147
14972,176.987
8047,485.614
9909,926.205
9064,296.204
12083,413.247
8870,877.993
16469,262.75
18730,551.79
8280,418.077
128,671.839
3636,720.569
6832,1557.321
390,356.168
15366,455.363
16383,303.931
6815,110.525
6850,355.476
20162,218.907
15030,438.293
13318,486.681
13950,576.995
14709,1393.957
14749,531.5
16987,409.167
10382,551.865
11552,722.427
16936,268.696
10839,259.362
5483,608.031
1115,218.875
9107,391.315
14732,603.965
5667,132.514
3409,502.708
7576,300.921
14938,858.28
19243,184.093
8521,276.191
19790,1312.569
16392,406.691
13441,522.755
5018,383.843
20878,502.565
15848,372.837
12896,512.313
19607,536.292
18303,1802.897
9156,597.3
19019,567.15
7906,546.419
14988,464.49
15866,551.651
1597,268.471
12299,281.089
5179,692.678
5186,552.153
996,612.948
393,393.707
9539,270.312
8869,355.476
12830,592.368
17781,205.791
19020,135.241
4703,328.021
12619,389.983
11527,357.807
20303,576.871
10327,529.017
17498,693.152
4023,389.774
18820,534.929
9725,536.96
4146,442.677
17213,748.57
15438,561.073
16812,595.832
10878,2110.607
14219,895.993
2304,455.131
12684,1481.031
12613,193.518
17329,528.802
4612,467.494
9015,707.961
4208,332.99
2415,344.1
7130,408.182
20382,1218.416
8251,812.414
19043,436.763
5298,317.758
17076,611.576
414,280.688
6627,552.582
18398,714.012
14703,-79.821
7549,1029.483
10350,513.831
20009,464.142
4622,599.938
19271,1225.178
19567,2016.594
4251,318.937
2610,553.114
8274,1575.048
20937,459.349
2782,1904.205
17126,782.119
3062,248.95
17028,531.688
14976,550.978
15005,1802.891
20940,1937.792
19320,252.993
2869,4964.471
9264,598.709
12065,486.166
20042,252.082
3291,457.519
6965,253.555
2446,1037.244
20000,1802.892
9770,426.442
12662,576.13
13188,376.57
10637,547.797
10009,532.294
9892,253.6
98,324.487
5886,327.896
18623,667.602
20729,219.561
9961,508.082
3246,223.217
368,229.086
20011,2110.543
20777,1856.97
7678,2255.702
14412,918.406
19820,1159.584
3427,501.272
16596,597.107
1457,755.31
20128,534.551
17546,439.409
14532,546.758
12440,223.03
8386,384.544
20214,388.178
3567,1134.294
356,562.504
8519,781.522
15327,763.073
7787,2002.266
8364,1137.835
18217,212.303
13442,304.702
4850,551.941
9690,551.552
9403,396.481
9248,1151.121
15374,312.179
1606,255.208
5024,442.667
1793,472.55
1585,517.349
15685,614.364
15414,353.746
3553,430.712
3720,299.921
15880,284.603
8771,223.232
15998,456.445
3279,267.234
1304,443.869
11436,376.245
16916,404.159
17282,486.778
13667,2500.554
16296,202.921
14895,456.032
20478,864.87
11318,503.49
10464,553.889
6858,377.77
17850,766.75
18740,658.787
8165,213.084
10232,365.791
10169,627.24
15867,1805.608
3219,670.03
3074,600.654
16603,267.506
15987,1407.432
16329,459.062
4267,2110.607
17418,532.232
12582,566.988
19839,-2.671
20563,1417.989
2695,549.838
11659,2636.018
20328,582.355
18701,285.412
19064,644.93
1028,780.587
11871,469.44
19082,822.735
8347,376.774
8056,248.025
11187,553.949
2501,624.704
12692,508.488
18256,470.979
4186,257.449
2464,811.029
8963,2734.129
5071,268.6
7235,134.93
14834,325.115
4907,184.093
5841,659.342
18316,278.21
15385,336.199
15318,513.821
8404,303.014
1646,400.265
6619,161.973
11463,577.079
2887,959.249
17281,2765.824
11320,2500.554
3079,1225.178
11521,313.236
16542,1920.528
2984,791.963
19655,2917.069
8082,369.33
2911,110.665
709,286.32
7521,252.254
18957,973.436
11200,1805.605
5515,974.325
2839,908.491
3594,553.47
1311,577.874
6132,242.192
11090,1175.229
230,375.934
8355,2323.306
16072,125.74
2038,594.287
17236,391.605
4416,1330.591
20611,758.878
730,428.314
19421,263.054
3652,764.071
20348,487.499
10039,1907.518
9395,353.318
11584,514.317
7616,740.894
9704,1436.561
18568,596.622
19549,389.774
19229,480.338
3428,463.836
20449,455.298
16137,578.957
4690,742.76
13899,1233.051
8369,319.108
17260,512.675
20539,308.879
1201,1931.458
15654,1624.552
10609,552.511
8339,655.3
3515,5324.921
110,352.085
20925,482.433
9926,263.591
10351,465.164
20255,376.786
11908,676.279
15038,1088.81
8868,1877.119
8268,3247.552
13061,815.271
4835,1436.387
3928,1442.764
8522,587.696
14403,449
3143,501.817
14743,182.314
1923,486.604
7285,586.149
9806,309.026
6237,413.457
16539,1614.595
10574,3320.509
4605,501.731
12459,552.352
10377,2359.258
11995,587.822
15378,895.993
12844,301.561
5918,389.774
20560,420.505
4254,739.001
6304,1417.97
2811,568.673
483,1755.812
9081,261.253
7338,2110.607
12034,553.889
7005,352.976
3473,561.399
16525,257.643
12726,760.594
11278,481.865
8657,836.99
6845,2841.08
8978,357.459
16059,547.186
8412,674.627
6287,204.536
18706,237.39
3402,577.792
8106,496.26
8499,812.8
3765,557.494
8994,730.076
19261,1098.471
5172,246.227
11032,1027.914
1909,734.805
15891,1573.67
8510,267.496
19609,299.16
19904,395.473
13264,543.996
9576,552.352
4321,561.945
8524,562.634
15779,699.412
8145,307.34
15990,1888.546
6143,551.612
3152,478.209
14708,1118.238
6438,295.271
6125,582.658
17217,546.022
18958,278.244
4868,295.271
4706,608.031
10420,548.165
2343,551.149
5722,513.347
18930,1118.939
8144,559.522
10123,268.482
12263,536.728
3856,728.235
6101,425.715
7165,266.524
20136,755.31
18397,1452.22
17955,510.34
13617,585.831
4905,723.718
20275,404.09
13610,253.104
4426,519.952
16210,1381.75
6097,713.746
9803,394.88
19062,406.88
4227,1046.674
4187,1815.931
11593,205.791
10629,1464.73
3142,391.79
17531,446.676
8858,578.96
11845,293.38
1147,552.066
18646,466.486
6089,1100.237
4566,352.847
11677,448.302
533,698.278
4065,486.598
17360,316.566
5555,304.22
12715,337.024
8780,466.889
17639,533.317
20440,562.954
7626,708.941
3968,1491.069
1519,704.537
18997,512.536
16673,242.22
6708,377.398
16178,518.467
14714,221.294
3644,507.041
11841,594.086
4614,285.256
17316,452.142
19474,529.167
6930,206.607
3268,732.851
10857,296.193
550,515.309
16287,2148.248
15224,1701.556
18252,547.583
3654,1838.862
6492,313.074
13266,232.278
10777,552.644
15745,256.96
1029,612.295
19866,318.013
4120,424.899
7225,487.093
17485,1592.837
16622,865.159
934,609.508
4093,546.746
9278,304.839
15567,441.992
894,1460.773
1734,740.726
16782,870.314
6710,546.678
10988,233.458
12762,576.13
5949,470.995
12426,295.892
17594,558.533
5177,549.101
6288,520.584
17929,375.425
1241,470.918
20044,420.512
13426,552.066
5286,373.879
688,258.131
20802,379.862
6181,532.068
16374,410.363
15556,1494.466
16533,552.158
16827,1031.167
138,2124.03
11471,302.682
10109,532.068
13227,344.411
5327,279.26
16024,714.039
6514,381.189
5539,2010.597
13628,313.266
7040,384.382
1381,518.834
18940,546.028
2379,339.229
7844,739.041
25,573.473
9339,874.999
10477,4945.002
6482,998.965
6730,536.416
8864,290.458
5789,287.219
2427,503.31
18570,495.131
16684,576.042
19465,339.194
10502,211.801
8989,595.543
19989,1802.892
12876,216.937
1789,1376.329
11763,1004.406
10821,298.685
8158,324.318
1264,501.566
676,1180.261
19278,491.405
277,287.435
18352,1259.908
9112,517.668
6647,207.264
4692,586.136
12038,400.924
10863,496.593
9139,1144.722
5823,471.66
2531,258.145
9421,482.525
14083,768.493
3801,1156.839
13685,987.332
12631,520.805
12501,517.733
303,421.963
3618,381.097
14316,436.354
12028,192.642
5475,519.836
13669,532.422
13662,565.832
18467,412.598
2535,380.174
3044,2344.967
7888,363.503
12790,473.863
19107,1994.044
5647,2142.074
9980,567.158
20787,2125.752
18085,943.351
20216,223.89
760,500.697
10097,-131.206
5080,295.861
19299,499.916
17960,218.647
6909,2473.999
20805,308.58
9132,359.521
7780,490.293
7438,319.937
3122,325.519
12295,279.256
9687,1829.439
16510,575.945
9126,899.605
11406,709.935
14609,684.852
8882,377.398
19588,2.853
2308,547.056
7493,319.581
8779,2753.202
16142,1054.351
11673,252.165
13414,525.551
1342,222.593
14658,364.533
1323,303.586
4219,568.419
7299,507.77
1073,466.607
17464,752.663
9918,329.401
10847,604.332
2641,2125.598
9606,670.058
16423,557.138
7670,628.115
16026,452.12
12894,178.491
4012,627.487
18338,564.429
4264,648.787
2490,188.325
3757,1454.447
11705,2091.431
11483,296.426
8872,568.13
10419,1077.395
1617,781.526
10792,2223.654
3947,2763.838
2775,456.521
2966,342.221
12409,537.167
14207,536.372
13478,225.497
16464,364.598
15659,568.921
566,781.999
6587,597.482
4563,323.651
14501,357.147
18760,1952.647
10234,1450.932
15162,2007.077
20923,1225.178
10886,449.644
18910,692.92
5763,559.852
8287,938.734
8765,582.128
374,270.629
2208,290.491
12166,2008.886
18791,1291.787
11135,984.958
13500,268.365
12700,1003.024
3967,395.423
18638,320.237
4691,391.315
1621,1491.069
8550,461.991
1373,470.893
19270,505.735
3683,500.44
20604,483.502
12477,370.491
2912,238.588
4411,507.133
11309,496.593
2471,754.499
5203,403.673
8573,494.493
7795,1918.706
11507,237.8
1985,512.407
15296,581.665
14686,452.261
9713,268.482
3918,513.381
18240,552.247
4681,348.549
2563,781.362
13770,544.162
17336,693.08
19340,481.858
3732,463.515
2564,481.863
12661,335.012
12416,611.174
4057,401.521
4983,379.846
18729,295.784
1065,939.415
7613,283.578
9047,340.94
3157,770.546
9847,426.165
5063,2008.764
8396,436.685
4018,266.929
8799,268.399
11631,1680.05
18593,755.352
16722,2746.022
19393,507.086
12188,517.706
19423,563.801
19327,552.876
3437,399.908
12852,452.261
14488,379.977
19725,245.87
12565,247.561
11369,553.953
2814,219.441
10688,304.03
9215,1078.212
19410,492.043
4102,536.732
17444,528.947
246,492.024
19164,391.667
1782,1846.401
2926,548.554
11365,521.06
16018,536.941
7249,698.289
1683,1096.885
20067,299.276
11236,2110.681
15763,2826.146
13085,642.727
1124,460.123
8334,472.642
14808,340.851
6817,421.541
11797,486.509
13683,206.501
11852,436.881
15150,206.514
700,346.256
15778,454.959
13452,265.187
11641,986.244
17493,507.086
7873,638.702
17602,2870.282
6327,774.582
12629,538.324
2629,515.555
6214,399.826
19674,313.8
403,152.714
6427,206.463
3569,405.748
6025,1124.572
7640,279.26
12320,907.012
18999,522.462
15499,1259.908
2620,436.365
5939,1870.44
18426,310.448
10537,547.143
8006,748.57
7758,566.402
19739,495.637
940,227.12
13587,853.719
8502,588.976
6742,522.085
2919,2008.706
10658,509.262
5189,431.73
17215,858.28
18274,2547.281
18832,276.115
10227,391.315
6984,280.994
5265,683.237
10697,716.677
10633,592.449
13560,434.057
952,518.659
4807,539.626
7275,552.954
14903,537.169
1398,506.97
20364,1215.748
9939,531.959
20397,509.446
4960,670.182
2852,506.116
10071,1111.589
15094,602.775
1744,396.425
5881,374.327
18326,246.31
17662,457.555
19634,2119.426
9088,1181.059
14810,448.727
8188,486.836
13676,553.638
2840,2048.526
2210,352.402
20444,1143.807
18857,481.858
4561,285.098
20521,525.296
15694,505.544
8615,785.618
2170,147.636
19395,2095.679
10118,567.99
11623,467.151
11662,472.15
12196,578.653
7749,558.391
16109,235.358
15715,451.398
11640,272.344
10755,727.206
7779,316.88
19743,1017.684
639,586.345
8376,479.884
3288,583.199
18022,270.864
9944,520.567
5142,481.867
16668,592.366
8905,521.825
12148,426.708
9087,748.655
20402,559.691
7153,366.5
17987,574.428
9587,511.787
16195,769.123
11127,741.773
16025,497.176
71,492.73
17805,478.267
19460,361.178
9912,532.144
5361,475.19
17447,2432.23
11716,331.325
1818,433.401
12199,396.712
19744,700.672
5372,298.69
15655,1034.028
1485,536.732
4076,739.041
14860,426.628
7943,432.911
13565,421.931
9231,283.104
4412,547.76
13671,456.229
8923,260.693
8190,262.898
4247,1707.511
11202,538.77
3321,896.445
1894,334.444
18497,326.323
2624,427.551
4482,276.397
3872,575.99
15157,1454.784
2850,562.897
20816,486.694
7468,292.278
20096,378.705
8899,242.22
7706,502.523
4857,683.555
3674,554.083
13601,551.759
10995,569.754
16507,829.573
15184,329.987
15910,605.623
14943,1433.052
3258,487.139
8843,1245.781
7913,1263.667
13275,531.953
8557,182.174
268,470.133
8026,527.463
18762,497.121
12520,292.453
13820,270.864
6513,639.758
18000,561.235
4001,325.972
8414,332.059
2849,1888.097
17779,431.427
8916,782.615
13658,502.655
6785,417.21
20799,658.764
12571,267.584
20207,237.254
17539,486.598
17914,445.781
5083,470.133
4912,359.408
10384,268.667
15834,567.596
12395,253.695
2043,521.837
11429,456.318
4640,534.302
2766,287.71
12922,927.088
1244,567.268
8400,487.297
10101,1203.176
9279,288.722
14590,407.012
7013,496.69
17728,471.618
9069,494.919
2354,1706.307
9708,1794.542
6544,420.445
2752,215.234
13675,470.659
15078,513.16
9349,467.873
14946,454.31
9594,1130.226
7233,517.659
2077,812.8
6171,502.084
7082,730.765
2301,596.587
19888,302.372
15693,205.933
7059,471.492
7224,368.345
16527,2810.913
7506,513.325
17905,237.588
18814,387.581
10735,518.457
13469,2021.063
10493,233.601
18926,1330.509
10632,482.152
16950,492.381
16948,463.417
20659,1587.228
3045,278.534
19161,488.105
11695,283.321
19530,282.613
6822,551.1
19977,957.194
2723,560.953
10265,1805.608
6451,297.73
13649,562.312
16568,713.757
16712,2011.167
14850,584.278
15653,513.152
864,488.166
6999,515.592
7475,774.341
12070,669.295
18844,458.222
9382,402.109
19518,516.565
12998,493.527
13054,228.477
18653,532.703
6353,524.346
20693,381.15
4429,1435.103
11449,1410.485
12394,521.917
18210,595.271
291,525.29
12439,684.009
7098,497.678
751,360.786
15382,460.439
1612,780.634
20354,694.346
1059,548.377
4168,497.195
14119,386.184
15833,669.491
6895,384.511
14755,594.217
4560,191.383
4828,655.383
6650,283.666
7118,456.553
5932,527.969
15882,570.584
8466,1024.272
16021,1382.939
9774,527.432
11058,373.879
16471,205.989
16298,587.655
12725,714.343
1112,567.15
4470,1965.053
6303,535.826
20686,670.194
11857,369.682
14258,518.901
18325,694.346
19817,263.47
9515,858.695
3269,1348.946
6768,2370.818
11737,459.035
16485,888.792
4330,501.731
11416,815.097
4569,263.693
12985,561.94
2133,566.788
1292,142.408
1492,321.17
18175,2520.345
10807,295.932
15628,240.14
10487,813.951
18894,531.11
11085,535.133
4679,394.556
410,382.889
3777,368.68
7173,457.799
18178,484.112
12984,2572.238
16236,480.811
6282,551.759
1980,550.202
3114,730.076
17661,404.166
18650,536.09
13079,357.22
1634,984.958
8632,570.913
3528,435.051
7444,951.248
10732,686.367
2898,1456.618
16106,819.588
8410,336.071
2733,1491.069
2001,376.822
7450,470.901
1396,1628.758
7776,1080.464
15706,302.316
18953,547.448
6470,486.719
16918,669.817
13328,984.958
19180,698.863
16810,552.051
17730,250.951
18674,1319.93
14059,578.96
20853,467.635
1722,524.826
14592,685.742
11843,687.958
17776,275.22
11556,291.957
2121,514.346
173,443.212
17242,1319.178
13546,650.43
10915,336.843
4676,207.756
3870,642.729
5277,1713.294
11953,473.5
12410,1905.238
8891,1442.764
11893,296.169
16338,464.49
11398,365.749
4220,1642.14
15456,320.757
4869,442.085
11067,345.648
6229,552.1
16010,298.823
6244,505.425
7668,284.545
20625,213.946
9894,338.403
17982,466.895
5726,1914.448
4415,916.62
5204,537.346
18975,147.832
3357,522.319
5645,280.296
3639,234.831
15770,473.63
7689,785.618
3796,512.026
17519,756.007
7760,602.62
3981,352.301
12673,302.032
7831,613.379
4780,460.439
2303,357.782
7455,1370.578
20224,298.773
9805,2505.722
20123,2735.436
16065,1568.573
10402,571.514
10479,567.827
18290,630.397
5193,317.082
169,536.751
10925,1684.613
4471,268.6
1595,309.297
9670,292.319
10928,549.493
5171,555.809
7321,627.605
5755,1137.672
18410,530.121
3283,467.237
3876,1245.945
5281,280.812
5273,709.49
1338,218.727
5031,637.909
1069,2819.271
5436,349.082
16084,534.594
18128,669.817
7877,246.072
8293,551.606
10718,741.461
8088,538.584
6552,2079.916
11156,384.869
12003,517.368
1197,503.318
15402,845.154
5782,193.518
3420,325.291
2599,440.878
318,312.791
2186,493.19
8918,502.177
6797,516.292
9071,346.465
5256,266.268
19248,504.063
5777,2330.13
10430,566.838
9004,334.056
7535,613.294
6751,313.299
7558,477.034
452,348.069
9876,563.801
19321,1390.002
9729,486.744
4038,563.337
17638,208.067
139,470.949
11582,552.454
19822,395.572
12666,389.297
13793,568.277
386,1708.723
11766,406.463
9997,500.642
718,626.073
9577,522.426
12905,567.305
19205,518.258
17821,582.583
4677,723.801
13291,182.475
16253,878.105
8902,540.929
5520,1909.497
14209,394.56
18232,586.149
19519,510.471
1418,569.847
16155,608.258
8358,1556.572
3230,2370.785
3657,1406.149
20016,591.935
6285,304.767
1526,325.992
19041,1857.049
15239,532.035
5271,728.786
8984,576.995
9536,1332.776
20587,468.48
15739,479.63
11214,221.878
11348,554.055
13866,1120.409
10668,534.418
18259,536.904
18998,491.685
148,332.653
2528,263.591
1763,919.195
14054,456.018
7062,247.751
8618,924.734
14756,577.874
18077,923.66
5234,626.425
10373,492.606
7622,602.756
4800,500.419
15561,2735.989
9203,552.555
7494,968.951
3977,267.315
19309,434.233
14330,491.803
7868,529.018
4273,218.801
7739,291.889
4923,713.66
20943,582.583
9172,481.668
7133,348.95
13949,733.236
19535,469.769
2798,340.894
10179,1160.139
11115,907.714
9031,521.685
15154,389.82
3520,297.253
4588,332.988
20019,471.801
6696,427.313
829,252.701
754,330.254
11733,344.152
19927,523.575
19747,1900.654
9628,494.91
9675,486.604
17545,1397.704
8291,748.567
19401,592.273
13727,263.569
13058,2811.022
19002,678.378
13088,334.211
1443,1249.413
12020,505.604
12796,831.018
20182,953.619
6827,464.705
19035,1402.679
11940,478.766
15002,883.27
6017,471.903
20147,253.444
15860,436.354
13023,481.905
832,348.868
14167,322.656
18755,333.351
10881,1339.721
8873,466.653
8741,421.799
13187,2106.041
11239,1993.634
20825,407.326
17267,2330.13
543,234.148
2779,458.645
14440,432.378
7094,1729.03
15620,316.037
15371,709.939
8727,586.376
9448,612.642
5241,582.523
8323,1010.694
2475,337.024
18424,569.338
13217,875.818
8809,641.026
1817,564.516
19650,435.985
8922,1019.488
18746,422.004
19202,303.586
2763,1978.15
20187,377.398
2472,340.751
11075,1933.715
8790,501.934
16817,768.493
13910,2780.888
10934,544.145
5513,808.31
4177,406.423
17796,613.807
9462,607.48
19698,392.57
11632,471.69
7410,336.782
19146,581.086
1819,645.617
3973,558.996
14450,2273.939
3132,385.625
12086,1192.19
20577,695.297
10321,532.068
4221,968.317
1436,1435.462
13598,570.554
8737,304.828
11798,396.646
13410,744.416
15713,1247.716
9253,1447.287
20857,475.442
20887,804.934
5213,411.383
6242,520.171
18859,758.521
10241,1826.911
385,1065.136
16985,450.238
917,443.024
8374,2314.044
3758,466.486
460,366.638
6502,377.887
711,229.325
14907,512.282
7698,570.295
2344,298.69
4888,464.142
12334,420.439
7555,636.832
9723,561.82
4728,521.61
11478,255.812
2562,389.774
19752,223.727
6227,316.562
3262,391.663
13162,317.296
10623,1777.172
11099,524.816
1504,567.305
9554,237.596
18752,283.82
8716,534.178
17441,476.194
10077,670.135
1316,537.734
7356,511.776
9513,312.001
4638,312.236
4390,1738.504
3781,1439.569
10628,497.549
4864,512.805
1908,246.227
10509,246.227
8025,471.502
5015,566.489
10236,554.083
10769,517.027
6275,381.869
20213,1803.551
15086,399.365
14027,592.694
4896,271.778
11392,1045.213
16256,487.528
13340,512.407
2326,2879.202
14127,318.553
1594,283.07
7467,267.496
13461,2299.022
3345,394.764
18693,206.665
3305,535.295
13503,522.099
989,308.986
6988,541.751
4217,253.006
3352,700.644
16751,336.847
16463,405.603
20749,434.104
7766,311.579
10000,532.063
4772,1877.997
11944,361.34
2774,531.459
118,645.583
662,1192.582
16055,313.044
11867,654.409
20327,954.4
9313,1423.615
17918,538.584
20227,255.193
4165,542.873
13353,439.409
4945,1590.895
12518,491.469
699,199.734
16474,597.3
17031,779.267
13175,516.799
17641,567.647
344,762.801
4054,384.28
15015,586.383
18992,318.953
13743,542.377
3181,742.699
17434,562.579
14537,567.065
18353,465.308
7347,639.032
8817,858.28
2355,2011.448
18247,1153.765
3807,353.731
12235,545.007
19668,465.755
7682,212.557
13171,1491.069
2583,553.953
19137,3598.81
19086,1485.942
4356,362.945
19794,552.539
18531,310.867
12861,2827.769
15825,482.291
19349,658.764
16413,577.376
9822,552.517
10954,537.338
6539,2297.631
17725,648.76
20048,433.098
1973,546.793
349,1072.802
15428,318.618
9066,486.47
16192,550.545
7598,382.733
9825,298.678
13616,2585.65
1667,316.024
16648,352.847
8987,532.894
18064,506.185
15540,253.213
7435,174.715
7895,701.32
20622,381.189
3457,433.914
4609,537.886
10854,216.823
15484,2110.607
2227,255.201
7733,463.515
14178,517.307
613,589.737
16096,624.394
3907,268.145
13552,222.759
475,384.054
1889,649.18
729,545.192
15448,205.933
1765,1511.787
606,640.153
6168,2369.993
1107,533.709
5388,552.319
14698,482.869
18305,300.921
3534,821.114
13846,417.168
4393,3232.768
9380,251.028
8654,551.583
3903,515.835
4336,1436.05
18321,577.692
12972,554.457
1020,295.932
8972,552.571
9244,449.139
12285,384.367
20072,927.163
8960,287.69
20407,549.322
8329,1494.516
4086,395.595
9196,251.037
5201,551.941
16984,428.056
10610,569.343
19437,750.451
14800,2329.229
2529,147.832
16005,632.73
962,969.185
7992,389.774
9361,278.14
5519,667.097
13090,1190.129
15110,1073.378
15262,1335.606
13509,2110.607
527,1194.718
11710,-79.821
11234,586.142
5036,1476.404
20177,335.093
170,499.669
17544,391.969
9180,893.214
5984,594.95
9504,552.139
18901,141.823
7491,380.922
18345,426.537
15539,950.607
7436,551.985
19831,411.422
1321,462.377
2690,642.727
11232,553.093
19883,932.216
19469,182.287
7360,583.769
18885,377.903
19598,605.959
11437,341.058
7192,295.271
10520,1414.329
5765,1026.235
6279,230.531
13792,281.819
3661,517.153
12279,1078.015
4571,918.792
16899,532.123
5496,2563.742
9936,552.964
3298,864.815
753,561.764
16387,253.057
19114,1392.823
17204,426.383
16518,230.493
10953,2008.886
20384,232.186
8504,250.062
853,441.234
9272,637.946
13118,909.188
7101,532.068
14688,480.575
17966,471.903
79,1629.187
222,520.024
11962,733.635
18895,2359.255
2718,567.021
5434,765.696
6685,516.675
13629,1390.6
13448,563.479
8609,487.639
2710,517.614
7216,466.379
1405,390.217
2534,2993.206
5657,322.606
9432,318.013
7124,1168.522
13657,2170.893
8480,2309.411
11384,1752.767
5221,553.645
7966,279.181
8172,309.13
13926,391.315
20311,218.939
7272,213.084
2296,547.451
19032,1393.23
19374,989.284
13843,532.435
14074,576.977
2013,320.969
9855,232.186
16281,288.006
19979,440.7
14462,567.276
19940,238.207
4705,441.768
18375,811.346
7566,243.654
13517,376.514
20319,511.637
16455,384.119
18164,438.406
11457,1051.99
8254,727.206
3602,755.372
18107,602.57
16076,612.835
9891,3400.848
2550,308.519
8453,322.628
15204,421.857
9698,110.525
3740,624.952
3812,469.992
703,261.145
1041,262.273
3024,498.013
13358,381.47
11664,287.712
5117,568.573
12510,551.867
14735,531.327
16937,429.763
11980,297.97
13474,401.684
11511,944.274
13578,567.255
19162,536.332
9635,293.779
8445,490.686
20202,353.056
12887,486.259
1551,254.107
17693,520.567
19900,303.506
4197,552.5
20482,2751.263
2993,493.214
6207,255.762
6916,740.141
18790,267.404
12029,2007.077
12408,2345.415
14093,610.563
2935,196.997
20287,81.719
10183,769.873
6780,1454.7
6425,354.428
13261,553.54
19177,363.483
13160,495.338
6378,562.244
20703,517.184
19523,460.337
8640,583.997
11255,223.294
4266,347.991
17432,534.526
8366,542.463
5567,1575.048
15497,1102.961
1138,381.134
19841,628.013
17327,1088.81
17334,1015.856
18091,2309.411
725,491.523
5269,320.508
3963,403.193
1475,2750.26
7988,1845.339
1272,567.146
14704,232.119
14454,530.15
19980,406.646
9283,1572.542
15645,200.482
13276,1559.006
9374,1137.835
10598,739.041
15679,562.362
13126,278.81
11609,223.094
13780,445.468
0,658.02
5113,501.472
4209,599.62
20964,252.004
4555,596.622
14028,299.009
2615,275.565
12475,532.5
14249,331.342
19504,981.24
20281,904.893
3642,858.848
15603,398.258
10113,577.268
10736,221.853
17128,2106.041
13817,575.922
2451,613.393
12058,850.255
20001,486.694
13354,315.808
8585,241.039
1261,529.527
12026,1999.901
3378,496.665
15188,389.774
8486,547.105
3877,289.263
1876,553.049
15274,396.971
17159,460.659
11421,536.96
7266,489.1
10910,893.284
1491,2298.936
14408,564.291
1897,211.801
18976,537.412
20372,2637.826
11988,529.153
16600,518.895
3105,522.565
18639,1248.164
6429,626.313
9398,513.218
19500,515.516
1158,407.36
11928,479.398
5965,1436.535
2930,1040.932
3165,1115.73
4879,833.275
14328,545.828
13181,770.231
19210,981.689
15256,569.338
456,1754.435
2055,400.245
15419,716.768
4747,1728.701
12253,305.588
10927,460.337
12950,208.853
15851,302.236
11335,517.93
10471,511.433
13257,256.311
14477,1466.388
6593,4075.886
12523,521.485
10801,737.287
17041,2110.681
29,123.268
16156,395.288
736,573.297
12301,654.507
12392,376.715
13742,205.933
14793,503.44
6291,627.605
8425,377.573
11799,848.212
5586,523.683
17457,551.983
18117,426.614
14190,517.419
4026,563.451
10316,484.846
9077,708.529
259,388.343
8847,388.662
11626,2125.752
11013,352.931
4726,364.591
8140,568.673
5175,327.972
8078,376.715
11564,248.025
4529,528.64
20050,1653.72
18682,661.959
2402,813.091
16131,438.807
16286,505.604
13143,801.478
4144,358.919
13938,436.841
4651,1907.764
9733,734.722
492,432.971
4269,283.07
15024,613.807
1739,483.808
12374,1121.853
15544,531.017
3578,602.573
20233,110.525
13827,478.125
20146,617.731
9324,2096.674
11729,320.748
12508,473.578
14088,268.696
14076,883.633
2925,639.939
11661,451.905
5199,1338.232
8890,465.164
19001,835.982
10532,893.211
10422,508.881
3119,147.636
13524,486.785
16354,283.027
4495,1160.255
9549,2345.71
20167,448.16
11723,221.807
1465,532.232
3724,418.199
10788,1646.356
12120,529.153
16417,396.412
19760,568.531
4511,334.548
12319,702.984
779,1322.905
2239,208.581
8031,573.37
14715,597.396
20109,283.792
6918,266.929
13754,436.435
18536,1544.142
4318,576.41
5386,303.255
3624,597.763
4633,213.084
17040,536.747
4316,534.526
14242,302.936
5472,426.505
14342,354.672
14648,1051.234
6628,1702.923
14795,627.487
5654,383.238
15754,935.54
11872,953.623
7761,553.47
9100,502.001
3467,2339.791
314,280.099
3692,513.338
18544,436.37
5868,1758.249
3739,328.705
12954,567.023
20222,223.294
3597,1452.766
19342,237.292
18044,502.278
3358,562.136
5664,567.15
19193,562.39
1018,970.724
47,1890.214
3346,680.469
294,1005.412
4754,482.261
16857,355.813
14802,523.606
4504,497.491
8688,438.586
17772,547.259
18864,1465.929
851,1000.09
156,745.271
7653,235.144
15060,1646.376
15326,455.36
9575,1454.784
11787,278.09
11235,471.307
16941,1030.252
3458,1018.314
13164,1917.725
17953,1895.044
12094,340.455
17692,210.457
7103,2788.149
8627,566.478
3958,492.381
7246,781.631
404,784.691
1529,1918.018
16081,626.081
19551,322.235
17888,335.242
15130,987.052
8183,416.148
16537,411.383
4479,497.176
20652,1175.229
14080,726.305
12489,502.287
11054,986.119
13803,397.118
5287,501.813
7919,610.891
11743,714.282
11031,266.538
20225,3373.688
2015,189.489
4108,535.151
14982,407.665
2223,237.901
6461,766.75
14788,468.463
4443,291.177
11956,739.025
8635,203.768
13485,564.516
6762,537.185
13882,313.285
8686,296.068
15136,682.523
16182,236.538
13298,316.03
18026,411.523
2295,266.112
13065,558.714
14078,2866.593
9585,528.815
12356,658.756
11647,1466.509
16043,246.904
3542,426.608
6636,602.497
11209,2339.791
12788,3684.23
4060,599.853
3626,1895.044
19919,266.574
15748,552.128
9553,541.486
18038,254.795
18955,704.354
19872,357.147
8607,1320.223
8748,1888.71
5628,354.666
9963,442.759
1219,377.588
19874,640.989
13790,2126.64
19647,815.83
20704,563.285
3766,1993.814
9552,278.697
17071,497.579
16381,205.791
16380,294.052
6856,532.948
17027,441.544
3292,302.316
9769,584.278
8223,550.922
18385,2832.591
15841,291.037
5511,502.632
13959,279.78
16621,381.972
2233,863.074
9466,239.36
20763,547.448
12317,205.791
1733,290.458
20790,381.408
13382,960.386
13174,547.451
16378,1019.488
14085,297.134
3575,355.621
19056,296.193
663,425.234
10028,303.776
2172,173.149
4573,512.519
16976,201.388
19138,405.622
12178,537.042
16416,451.754
14547,377.398
20573,448.65
17430,578.538
12398,280.296
18322,160.315
16703,739.057
3988,405.833
4457,377.398
17854,518.024
10581,520.721
5735,1360.548
9522,436.631
17415,526.838
15704,1814.057
19115,858.28
1385,368.339
861,457.068
4458,948.914
3007,1078.015
11219,284.384
6907,612.553
19565,236.259
2237,720.097
15138,452.261
13537,578.96
15707,2070.52
3547,938.153
8343,217.598
554,382.072
11301,461.418
13158,552.591
11528,536.628
11726,459.113
1166,967.556
1191,452.07
15317,221.403
648,396.403
12158,567.598
6007,1436.05
15547,281.987
12515,2110.681
14033,419.996
297,903.006
18733,438.408
6162,227.238
13574,680.431
